date,open,high,low,close,volume
2015/1/2,111.39 ,111.44 ,107.35 ,109.33 ,53204600.00 
2015/1/5,108.29 ,108.65 ,105.41 ,106.25 ,64285500.00 
2015/1/6,106.54 ,107.43 ,104.63 ,106.26 ,65797100.00 
2015/1/7,107.20 ,108.20 ,106.70 ,107.75 ,40105900.00 
2015/1/8,109.23 ,112.15 ,108.70 ,111.89 ,59364500.00 
2015/1/9,112.67 ,113.25 ,110.21 ,112.01 ,53699500.00 
2015/1/12,112.60 ,112.63 ,108.80 ,109.25 ,49650800.00 
2015/1/13,111.43 ,112.80 ,108.91 ,110.22 ,67091900.00 
2015/1/14,109.04 ,110.49 ,108.50 ,109.80 ,48337000.00 
2015/1/15,110.00 ,110.06 ,106.66 ,106.82 ,60014000.00 
2015/1/16,107.03 ,107.58 ,105.20 ,105.99 ,78513300.00 
2015/1/20,107.84 ,108.97 ,106.50 ,108.72 ,49899900.00 
2015/1/21,108.95 ,111.06 ,108.27 ,109.55 ,48575900.00 
2015/1/22,110.26 ,112.47 ,109.72 ,112.40 ,53796400.00 
2015/1/23,112.30 ,113.75 ,111.53 ,112.98 ,46464800.00 
2015/1/26,113.74 ,114.36 ,112.80 ,113.10 ,55615000.00 
2015/1/27,112.42 ,112.48 ,109.03 ,109.14 ,95568700.00 
2015/1/28,117.63 ,118.12 ,115.31 ,115.31 ,146477100.00 
2015/1/29,116.32 ,119.19 ,115.56 ,118.90 ,84436400.00 
2015/1/30,118.40 ,120.00 ,116.85 ,117.16 ,83745500.00 
2015/2/2,118.05 ,119.17 ,116.08 ,118.63 ,62739100.00 
2015/2/3,118.50 ,119.09 ,117.61 ,118.65 ,51915700.00 
2015/2/4,118.50 ,120.51 ,118.31 ,119.56 ,70149700.00 
2015/2/5,120.02 ,120.23 ,119.25 ,119.94 ,42246200.00 
2015/2/6,120.02 ,120.25 ,118.45 ,118.93 ,43706600.00 
2015/2/9,118.55 ,119.84 ,118.43 ,119.72 ,38889800.00 
2015/2/10,120.17 ,122.15 ,120.16 ,122.02 ,62008500.00 
2015/2/11,122.77 ,124.92 ,122.50 ,124.88 ,73561800.00 
2015/2/12,126.06 ,127.48 ,125.57 ,126.46 ,74474500.00 
2015/2/13,127.28 ,127.28 ,125.65 ,127.08 ,54272200.00 
2015/2/17,127.49 ,128.88 ,126.92 ,127.83 ,63152400.00 
2015/2/18,127.63 ,128.78 ,127.45 ,128.72 ,44891700.00 
2015/2/19,128.48 ,129.03 ,128.33 ,128.45 ,37362400.00 
2015/2/20,128.62 ,129.50 ,128.05 ,129.50 ,48948400.00 
2015/2/23,130.02 ,133.00 ,129.66 ,133.00 ,70974100.00 
2015/2/24,132.94 ,133.60 ,131.17 ,132.17 ,69228100.00 
2015/2/25,131.56 ,131.60 ,128.15 ,128.79 ,74711700.00 
2015/2/26,128.79 ,130.87 ,126.61 ,130.42 ,91287500.00 
2015/2/27,130.00 ,130.57 ,128.24 ,128.46 ,62014800.00 
2015/3/2,129.25 ,130.28 ,128.30 ,129.09 ,48096700.00 
2015/3/3,128.96 ,129.52 ,128.09 ,129.36 ,37816300.00 
2015/3/4,129.10 ,129.56 ,128.32 ,128.54 ,31666300.00 
2015/3/5,128.58 ,128.75 ,125.76 ,126.41 ,56517100.00 
2015/3/6,128.40 ,129.37 ,126.26 ,126.60 ,72842100.00 
2015/3/9,127.96 ,129.57 ,125.06 ,127.14 ,88528500.00 
2015/3/10,126.41 ,127.22 ,123.80 ,124.51 ,68856600.00 
2015/3/11,124.75 ,124.77 ,122.11 ,122.24 ,68939000.00 
2015/3/12,122.31 ,124.90 ,121.63 ,124.45 ,48362700.00 
2015/3/13,124.40 ,125.40 ,122.58 ,123.59 ,51827300.00 
2015/3/16,123.88 ,124.95 ,122.87 ,124.95 ,35874300.00 
2015/3/17,125.90 ,127.32 ,125.65 ,127.04 ,51023100.00 
2015/3/18,127.00 ,129.16 ,126.37 ,128.47 ,65270900.00 
2015/3/19,128.75 ,129.25 ,127.40 ,127.50 ,45809500.00 
2015/3/20,128.25 ,128.40 ,125.16 ,125.90 ,68695100.00 
2015/3/23,127.12 ,127.85 ,126.52 ,127.21 ,37709700.00 
2015/3/24,127.23 ,128.04 ,126.56 ,126.69 ,32842300.00 
2015/3/25,126.54 ,126.82 ,123.38 ,123.38 ,51655200.00 
2015/3/26,122.76 ,124.88 ,122.60 ,124.24 ,47572900.00 
2015/3/27,124.57 ,124.70 ,122.91 ,123.25 ,39546200.00 
2015/3/30,124.05 ,126.40 ,124.00 ,126.37 ,47099700.00 
2015/3/31,126.09 ,126.49 ,124.36 ,124.43 ,42090600.00 
2015/4/1,124.82 ,125.12 ,123.10 ,124.25 ,40621400.00 
2015/4/2,125.03 ,125.56 ,124.19 ,125.32 ,32220100.00 
2015/4/6,124.47 ,127.51 ,124.33 ,127.35 ,37194000.00 
2015/4/7,127.64 ,128.12 ,125.98 ,126.01 ,35012300.00 
2015/4/8,125.85 ,126.40 ,124.97 ,125.60 ,37329200.00 
2015/4/9,125.85 ,126.58 ,124.66 ,126.56 ,32484000.00 
2015/4/10,125.95 ,127.21 ,125.26 ,127.10 ,40188000.00 
2015/4/13,128.37 ,128.57 ,126.61 ,126.85 ,36365100.00 
2015/4/14,127.00 ,127.29 ,125.91 ,126.30 ,25524600.00 
2015/4/15,126.41 ,127.13 ,126.01 ,126.78 ,28970400.00 
2015/4/16,126.28 ,127.10 ,126.11 ,126.17 ,28369000.00 
2015/4/17,125.55 ,126.14 ,124.46 ,124.75 ,51957000.00 
2015/4/20,125.57 ,128.12 ,125.17 ,127.60 ,47054300.00 
2015/4/21,128.10 ,128.20 ,126.67 ,126.91 ,32435100.00 
2015/4/22,126.99 ,128.87 ,126.32 ,128.62 ,37654500.00 
2015/4/23,128.30 ,130.42 ,128.14 ,129.67 ,45770900.00 
2015/4/24,130.49 ,130.63 ,129.23 ,130.28 ,44525900.00 
2015/4/27,132.31 ,133.13 ,131.15 ,132.65 ,96954200.00 
2015/4/28,134.46 ,134.54 ,129.57 ,130.56 ,118924000.00 
2015/4/29,130.16 ,131.59 ,128.30 ,128.64 ,63386100.00 
2015/4/30,128.64 ,128.64 ,124.58 ,125.15 ,83195400.00 
2015/5/1,126.10 ,130.13 ,125.30 ,128.95 ,58512600.00 
2015/5/4,129.50 ,130.57 ,128.26 ,128.70 ,50988300.00 
2015/5/5,128.15 ,128.45 ,125.78 ,125.80 ,49271400.00 
2015/5/6,126.56 ,126.75 ,123.36 ,125.01 ,72141000.00 
2015/5/7,124.77 ,126.08 ,124.02 ,125.26 ,43940900.00 
2015/5/8,126.68 ,127.62 ,126.11 ,127.62 ,55550400.00 
2015/5/11,127.39 ,127.56 ,125.63 ,126.32 ,42035800.00 
2015/5/12,125.60 ,126.88 ,124.82 ,125.87 ,48160000.00 
2015/5/13,126.15 ,127.19 ,125.87 ,126.01 ,34694200.00 
2015/5/14,127.41 ,128.95 ,127.16 ,128.95 ,45203500.00 
2015/5/15,129.07 ,129.49 ,128.21 ,128.77 ,38208000.00 
2015/5/18,128.38 ,130.72 ,128.36 ,130.19 ,50882900.00 
2015/5/19,130.69 ,130.88 ,129.64 ,130.07 ,44633200.00 
2015/5/20,130.00 ,130.98 ,129.34 ,130.06 ,36454900.00 
2015/5/21,130.07 ,131.63 ,129.83 ,131.39 ,39730400.00 
2015/5/22,131.60 ,132.97 ,131.40 ,132.54 ,45596000.00 
2015/5/26,132.60 ,132.91 ,129.12 ,129.62 ,70697600.00 
2015/5/27,130.34 ,132.26 ,130.05 ,132.04 ,45833200.00 
2015/5/28,131.86 ,131.95 ,131.10 ,131.78 ,30733300.00 
2015/5/29,131.23 ,131.45 ,129.90 ,130.28 ,50884500.00 
2015/6/1,130.28 ,131.39 ,130.05 ,130.54 ,32112800.00 
2015/6/2,129.86 ,130.66 ,129.32 ,129.96 ,33667600.00 
2015/6/3,130.66 ,130.94 ,129.90 ,130.12 ,30889400.00 
2015/6/4,129.58 ,130.58 ,128.91 ,129.36 ,38450100.00 
2015/6/5,129.50 ,129.69 ,128.36 ,128.65 ,35626800.00 
2015/6/8,128.90 ,129.21 ,126.83 ,127.80 ,52674800.00 
2015/6/9,126.70 ,128.08 ,125.62 ,127.42 ,56075400.00 
2015/6/10,127.92 ,129.34 ,127.85 ,128.88 ,39087300.00 
2015/6/11,129.18 ,130.18 ,128.48 ,128.59 ,35390900.00 
2015/6/12,128.19 ,128.33 ,127.11 ,127.17 ,36886200.00 
2015/6/15,126.10 ,127.24 ,125.71 ,126.92 ,43988900.00 
2015/6/16,127.03 ,127.85 ,126.37 ,127.60 ,31494100.00 
2015/6/17,127.72 ,127.88 ,126.74 ,127.30 ,32918100.00 
2015/6/18,127.23 ,128.31 ,127.22 ,127.88 ,35407200.00 
2015/6/19,127.71 ,127.82 ,126.40 ,126.60 ,54716900.00 
2015/6/22,127.49 ,128.06 ,127.08 ,127.61 ,34039300.00 
2015/6/23,127.48 ,127.61 ,126.88 ,127.03 ,30268900.00 
2015/6/24,127.21 ,129.80 ,127.12 ,128.11 ,55280900.00 
2015/6/25,128.86 ,129.20 ,127.50 ,127.50 ,31938100.00 
2015/6/26,127.67 ,127.99 ,126.51 ,126.75 ,44066800.00 
2015/6/29,125.46 ,126.47 ,124.48 ,124.53 ,49161400.00 
2015/6/30,125.57 ,126.12 ,124.86 ,125.43 ,44370700.00 
2015/7/1,126.90 ,126.94 ,125.99 ,126.60 ,30238800.00 
2015/7/2,126.43 ,126.69 ,125.77 ,126.44 ,27211000.00 
2015/7/6,124.94 ,126.23 ,124.85 ,126.00 ,28060400.00 
2015/7/7,125.89 ,126.15 ,123.77 ,125.69 ,46946800.00 
2015/7/8,124.48 ,124.64 ,122.54 ,122.57 ,60761600.00 
2015/7/9,123.85 ,124.06 ,119.22 ,120.07 ,77821600.00 
2015/7/10,121.94 ,123.85 ,121.21 ,123.28 ,61354500.00 
2015/7/13,125.03 ,125.76 ,124.32 ,125.66 ,41440500.00 
2015/7/14,126.04 ,126.37 ,125.04 ,125.61 ,31768100.00 
2015/7/15,125.72 ,127.15 ,125.58 ,126.82 ,33649200.00 
2015/7/16,127.74 ,128.57 ,127.35 ,128.51 ,36222400.00 
2015/7/17,129.08 ,129.62 ,128.31 ,129.62 ,46164700.00 
2015/7/20,130.97 ,132.97 ,130.70 ,132.07 ,58900200.00 
2015/7/21,132.85 ,132.92 ,130.32 ,130.75 ,76756400.00 
2015/7/22,121.99 ,125.50 ,121.99 ,125.22 ,115450600.00 
2015/7/23,126.20 ,127.09 ,125.06 ,125.16 ,50999500.00 
2015/7/24,125.32 ,125.74 ,123.90 ,124.50 ,42162300.00 
2015/7/27,123.09 ,123.61 ,122.12 ,122.77 ,44455500.00 
2015/7/28,123.38 ,123.91 ,122.55 ,123.38 ,33618100.00 
2015/7/29,123.15 ,123.50 ,122.27 ,122.99 ,37011700.00 
2015/7/30,122.32 ,122.57 ,121.71 ,122.37 ,33628300.00 
2015/7/31,122.60 ,122.64 ,120.91 ,121.30 ,42885000.00 
2015/8/3,121.50 ,122.57 ,117.52 ,118.44 ,69976000.00 
2015/8/4,117.42 ,117.70 ,113.25 ,114.64 ,124138600.00 
2015/8/5,112.95 ,117.44 ,112.10 ,115.40 ,99312600.00 
2015/8/6,115.97 ,116.50 ,114.12 ,115.13 ,52903000.00 
2015/8/7,114.58 ,116.25 ,114.50 ,115.52 ,38670400.00 
2015/8/10,116.53 ,119.99 ,116.53 ,119.72 ,54951600.00 
2015/8/11,117.81 ,118.18 ,113.33 ,113.49 ,97082800.00 
2015/8/12,112.53 ,115.42 ,109.63 ,115.24 ,101217500.00 
2015/8/13,116.04 ,116.40 ,114.54 ,115.15 ,48535800.00 
2015/8/14,114.32 ,116.31 ,114.01 ,115.96 ,42929500.00 
2015/8/17,116.04 ,117.65 ,115.50 ,117.16 ,40884700.00 
2015/8/18,116.43 ,117.44 ,116.01 ,116.50 ,34560700.00 
2015/8/19,116.10 ,116.52 ,114.68 ,115.01 ,47445700.00 
2015/8/20,114.08 ,114.35 ,111.63 ,112.65 ,68501600.00 
2015/8/21,110.43 ,111.90 ,105.65 ,105.76 ,128275500.00 
2015/8/24,94.87 ,108.80 ,92.00 ,103.12 ,162206300.00 
2015/8/25,111.11 ,111.11 ,103.50 ,103.74 ,103601600.00 
2015/8/26,107.09 ,109.89 ,105.05 ,109.69 ,96774600.00 
2015/8/27,112.23 ,113.24 ,110.02 ,112.92 ,84616100.00 
2015/8/28,112.17 ,113.31 ,111.54 ,113.29 ,53164400.00 
2015/8/31,112.03 ,114.53 ,112.00 ,112.76 ,56229300.00 
2015/9/1,110.15 ,111.88 ,107.36 ,107.72 ,76845900.00 
2015/9/2,110.23 ,112.34 ,109.13 ,112.34 ,61888800.00 
2015/9/3,112.49 ,112.78 ,110.04 ,110.37 ,53233900.00 
2015/9/4,108.97 ,110.45 ,108.51 ,109.27 ,49996300.00 
2015/9/8,111.75 ,112.56 ,110.32 ,112.31 ,54843600.00 
2015/9/9,113.76 ,114.02 ,109.77 ,110.15 ,85010800.00 
2015/9/10,110.27 ,113.28 ,109.90 ,112.57 ,62892800.00 
2015/9/11,111.79 ,114.21 ,111.76 ,114.21 ,49915500.00 
2015/9/14,116.58 ,116.89 ,114.86 ,115.31 ,58363400.00 
2015/9/15,115.93 ,116.53 ,114.42 ,116.28 ,43341200.00 
2015/9/16,116.25 ,116.54 ,115.44 ,116.41 ,37173500.00 
2015/9/17,115.66 ,116.49 ,113.72 ,113.92 ,64112600.00 
2015/9/18,112.21 ,114.30 ,111.87 ,113.45 ,74285300.00 
2015/9/21,113.67 ,115.37 ,113.66 ,115.21 ,50222000.00 
2015/9/22,113.38 ,114.18 ,112.52 ,113.40 ,50346200.00 
2015/9/23,113.63 ,114.72 ,113.30 ,114.32 ,35756700.00 
2015/9/24,113.25 ,115.50 ,112.37 ,115.00 ,50219500.00 
2015/9/25,116.44 ,116.69 ,114.02 ,114.71 ,56151900.00 
2015/9/28,113.85 ,114.57 ,112.44 ,112.44 ,52109000.00 
2015/9/29,112.83 ,113.51 ,107.86 ,109.06 ,73365400.00 
2015/9/30,110.17 ,111.54 ,108.73 ,110.30 ,66473000.00 
2015/10/1,109.07 ,109.62 ,107.31 ,109.58 ,63929100.00 
2015/10/2,108.01 ,111.01 ,107.55 ,110.38 ,58019800.00 
2015/10/5,109.88 ,111.37 ,109.07 ,110.78 ,52064700.00 
2015/10/6,110.63 ,111.74 ,109.77 ,111.31 ,48857000.00 
2015/10/7,111.74 ,111.77 ,109.41 ,110.78 ,46765600.00 
2015/10/8,110.19 ,110.19 ,108.21 ,109.50 ,61979600.00 
2015/10/9,110.00 ,112.28 ,109.49 ,112.12 ,52766100.00 
2015/10/12,112.73 ,112.75 ,111.44 ,111.60 ,30467200.00 
2015/10/13,110.82 ,112.45 ,110.68 ,111.79 ,33049300.00 
2015/10/14,111.29 ,111.52 ,109.56 ,110.21 ,44462400.00 
2015/10/15,110.93 ,112.10 ,110.49 ,111.86 ,37673500.00 
2015/10/16,111.78 ,112.00 ,110.53 ,111.04 ,38236300.00 
2015/10/19,110.80 ,111.75 ,110.11 ,111.73 ,29759200.00 
2015/10/20,111.34 ,114.17 ,110.82 ,113.77 ,48967800.00 
2015/10/21,114.00 ,115.58 ,113.70 ,113.76 ,41795200.00 
2015/10/22,114.33 ,115.50 ,114.10 ,115.50 ,41654100.00 
2015/10/23,116.70 ,119.23 ,116.33 ,119.08 ,59366900.00 
2015/10/26,118.08 ,118.13 ,114.92 ,115.28 ,66333800.00 
2015/10/27,115.40 ,116.54 ,113.99 ,114.55 ,69884400.00 
2015/10/28,116.93 ,119.30 ,116.06 ,119.27 ,85551400.00 
2015/10/29,118.70 ,120.69 ,118.27 ,120.53 ,51227300.00 
2015/10/30,120.99 ,121.22 ,119.45 ,119.50 ,49365300.00 
2015/11/2,120.80 ,121.36 ,119.61 ,121.18 ,32203300.00 
2015/11/3,120.79 ,123.49 ,120.70 ,122.57 ,45519000.00 
2015/11/4,123.13 ,123.82 ,121.62 ,122.00 ,44886100.00 
2015/11/5,121.85 ,122.69 ,120.18 ,120.92 ,39552700.00 
2015/11/6,121.11 ,121.81 ,120.62 ,121.06 ,33042300.00 
2015/11/9,120.96 ,121.81 ,120.05 ,120.57 ,33871400.00 
2015/11/10,116.90 ,118.07 ,116.06 ,116.77 ,59127900.00 
2015/11/11,116.37 ,117.42 ,115.21 ,116.11 ,45218000.00 
2015/11/12,116.26 ,116.82 ,115.65 ,115.72 ,32525600.00 
2015/11/13,115.20 ,115.57 ,112.27 ,112.34 ,45812400.00 
2015/11/16,111.38 ,114.24 ,111.00 ,114.18 ,38106700.00 
2015/11/17,114.92 ,115.05 ,113.32 ,113.69 ,27616900.00 
2015/11/18,115.76 ,117.49 ,115.50 ,117.29 ,46674700.00 
2015/11/19,117.64 ,119.75 ,116.76 ,118.78 ,43295800.00 
2015/11/20,119.20 ,119.92 ,118.85 ,119.30 ,34287100.00 
2015/11/23,119.27 ,119.73 ,117.34 ,117.75 ,32482500.00 
2015/11/24,117.33 ,119.35 ,117.12 ,118.88 ,42803200.00 
2015/11/25,119.21 ,119.23 ,117.92 ,118.03 ,21388300.00 
2015/11/27,118.29 ,118.41 ,117.60 ,117.81 ,13046400.00 
2015/11/30,117.99 ,119.41 ,117.75 ,118.30 ,39180300.00 
2015/12/1,118.75 ,118.81 ,116.86 ,117.34 ,34852400.00 
2015/12/2,117.34 ,118.11 ,116.08 ,116.28 ,33386600.00 
2015/12/3,116.55 ,116.79 ,114.22 ,115.20 ,41569500.00 
2015/12/4,115.29 ,119.25 ,115.11 ,119.03 ,57777000.00 
2015/12/7,118.98 ,119.86 ,117.81 ,118.28 ,32084200.00 
2015/12/8,117.52 ,118.60 ,116.86 ,118.23 ,34309500.00 
2015/12/9,117.64 ,117.69 ,115.08 ,115.62 ,46361400.00 
2015/12/10,116.04 ,116.94 ,115.51 ,116.17 ,29212700.00 
2015/12/11,115.19 ,115.39 ,112.85 ,113.18 ,46886200.00 
2015/12/14,112.18 ,112.68 ,109.79 ,112.48 ,64318700.00 
2015/12/15,111.94 ,112.80 ,110.35 ,110.49 ,52978100.00 
2015/12/16,111.07 ,111.99 ,108.80 ,111.34 ,56238500.00 
2015/12/17,112.02 ,112.25 ,108.98 ,108.98 ,44772800.00 
2015/12/18,108.91 ,109.52 ,105.81 ,106.03 ,96453300.00 
2015/12/21,107.28 ,107.37 ,105.57 ,107.33 ,47590600.00 
2015/12/22,107.40 ,107.72 ,106.45 ,107.23 ,32789400.00 
2015/12/23,107.27 ,108.85 ,107.20 ,108.61 ,32657400.00 
2015/12/24,109.00 ,109.00 ,107.95 ,108.03 ,13596700.00 
2015/12/28,107.59 ,107.69 ,106.18 ,106.82 ,26704200.00 
2015/12/29,106.96 ,109.43 ,106.86 ,108.74 ,30931200.00 
2015/12/30,108.58 ,108.70 ,107.18 ,107.32 ,25213800.00 
2015/12/31,107.01 ,107.03 ,104.82 ,105.26 ,40912300.00 
2016/1/4,102.61 ,105.37 ,102.00 ,105.35 ,67649400.00 
2016/1/5,105.75 ,105.85 ,102.41 ,102.71 ,55791000.00 
2016/1/6,100.56 ,102.37 ,99.87 ,100.70 ,68457400.00 
2016/1/7,98.68 ,100.13 ,96.43 ,96.45 ,81094400.00 
2016/1/8,98.55 ,99.11 ,96.76 ,96.96 ,70798000.00 
2016/1/11,98.97 ,99.06 ,97.34 ,98.53 ,49739400.00 
2016/1/12,100.55 ,100.69 ,98.84 ,99.96 ,49154200.00 
2016/1/13,100.32 ,101.19 ,97.30 ,97.39 ,62439600.00 
2016/1/14,97.96 ,100.48 ,95.74 ,99.52 ,63170100.00 
2016/1/15,96.20 ,97.71 ,95.36 ,97.13 ,79833900.00 
2016/1/19,98.41 ,98.65 ,95.50 ,96.66 ,53087700.00 
2016/1/20,95.10 ,98.19 ,93.42 ,96.79 ,72334400.00 
2016/1/21,97.06 ,97.88 ,94.94 ,96.30 ,52161500.00 
2016/1/22,98.63 ,101.46 ,98.37 ,101.42 ,65800500.00 
2016/1/25,101.52 ,101.53 ,99.21 ,99.44 ,51794500.00 
2016/1/26,99.93 ,100.88 ,98.07 ,99.99 ,75077000.00 
2016/1/27,96.04 ,96.63 ,93.34 ,93.42 ,133369700.00 
2016/1/28,93.79 ,94.52 ,92.39 ,94.09 ,55678800.00 
2016/1/29,94.79 ,97.34 ,94.35 ,97.34 ,64416500.00 
2016/2/1,96.47 ,96.71 ,95.40 ,96.43 ,40943500.00 
2016/2/2,95.42 ,96.04 ,94.28 ,94.48 ,37357200.00 
2016/2/3,95.00 ,96.84 ,94.08 ,96.35 ,45964300.00 
2016/2/4,95.86 ,97.33 ,95.19 ,96.60 ,46471700.00 
2016/2/5,96.52 ,96.92 ,93.69 ,94.02 ,46418100.00 
2016/2/8,93.13 ,95.70 ,93.04 ,95.01 ,54021400.00 
2016/2/9,94.29 ,95.94 ,93.93 ,94.99 ,44331200.00 
2016/2/10,95.92 ,96.35 ,94.10 ,94.27 ,42343600.00 
2016/2/11,93.79 ,94.72 ,92.59 ,93.70 ,50074700.00 
2016/2/12,94.19 ,94.50 ,93.01 ,93.99 ,40351400.00 
2016/2/16,95.02 ,96.85 ,94.61 ,96.64 ,49057900.00 
2016/2/17,96.67 ,98.21 ,96.15 ,98.12 ,44863200.00 
2016/2/18,98.84 ,98.89 ,96.09 ,96.26 ,39021000.00 
2016/2/19,96.00 ,96.76 ,95.80 ,96.04 ,35374200.00 
2016/2/22,96.31 ,96.90 ,95.92 ,96.88 ,34280800.00 
2016/2/23,96.40 ,96.50 ,94.55 ,94.69 ,31942600.00 
2016/2/24,93.98 ,96.38 ,93.32 ,96.10 ,36255700.00 
2016/2/25,96.05 ,96.76 ,95.25 ,96.76 ,27582700.00 
2016/2/26,97.20 ,98.02 ,96.58 ,96.91 ,28991100.00 
2016/2/29,96.86 ,98.23 ,96.65 ,96.69 ,35216300.00 
2016/3/1,97.65 ,100.77 ,97.42 ,100.53 ,50407100.00 
2016/3/2,100.51 ,100.89 ,99.64 ,100.75 ,33169600.00 
2016/3/3,100.58 ,101.71 ,100.45 ,101.50 ,36955700.00 
2016/3/4,102.37 ,103.75 ,101.37 ,103.01 ,46055100.00 
2016/3/7,102.39 ,102.83 ,100.96 ,101.87 ,35828900.00 
2016/3/8,100.78 ,101.76 ,100.40 ,101.03 ,31561900.00 
2016/3/9,101.31 ,101.58 ,100.27 ,101.12 ,27201700.00 
2016/3/10,101.41 ,102.24 ,100.15 ,101.17 ,33513600.00 
2016/3/11,102.24 ,102.28 ,101.50 ,102.26 ,27408200.00 
2016/3/14,101.91 ,102.91 ,101.78 ,102.52 ,25076100.00 
2016/3/15,103.96 ,105.18 ,103.85 ,104.58 ,40067700.00 
2016/3/16,104.61 ,106.31 ,104.59 ,105.97 ,38303500.00 
2016/3/17,105.52 ,106.47 ,104.96 ,105.80 ,34420700.00 
2016/3/18,106.34 ,106.50 ,105.19 ,105.92 ,44205200.00 
2016/3/21,105.93 ,107.65 ,105.14 ,105.91 ,35502700.00 
2016/3/22,105.25 ,107.29 ,105.21 ,106.72 ,32444400.00 
2016/3/23,106.48 ,107.07 ,105.90 ,106.13 ,25703500.00 
2016/3/24,105.47 ,106.25 ,104.89 ,105.67 ,26133000.00 
2016/3/28,106.00 ,106.19 ,105.06 ,105.19 ,19411400.00 
2016/3/29,104.89 ,107.79 ,104.88 ,107.68 ,31190100.00 
2016/3/30,108.65 ,110.42 ,108.60 ,109.56 ,45601100.00 
2016/3/31,109.72 ,109.90 ,108.88 ,108.99 ,25888400.00 
2016/4/1,108.78 ,110.00 ,108.20 ,109.99 ,25874000.00 
2016/4/4,110.42 ,112.19 ,110.27 ,111.12 ,37356200.00 
2016/4/5,109.51 ,110.73 ,109.42 ,109.81 ,26578700.00 
2016/4/6,110.23 ,110.98 ,109.20 ,110.96 ,26404100.00 
2016/4/7,109.95 ,110.42 ,108.12 ,108.54 ,31801900.00 
2016/4/8,108.91 ,109.77 ,108.17 ,108.66 ,23581700.00 
2016/4/11,108.97 ,110.61 ,108.83 ,109.02 ,29407500.00 
2016/4/12,109.34 ,110.50 ,108.66 ,110.44 ,27232300.00 
2016/4/13,110.80 ,112.34 ,110.80 ,112.04 ,33257300.00 
2016/4/14,111.62 ,112.39 ,111.33 ,112.10 ,25473900.00 
2016/4/15,112.11 ,112.30 ,109.73 ,109.85 ,46939000.00 
2016/4/18,108.89 ,108.95 ,106.94 ,107.48 ,60821500.00 
2016/4/19,107.88 ,108.00 ,106.23 ,106.91 ,32384900.00 
2016/4/20,106.64 ,108.09 ,106.06 ,107.13 ,30611000.00 
2016/4/21,106.93 ,106.93 ,105.52 ,105.97 ,31552500.00 
2016/4/22,105.01 ,106.48 ,104.62 ,105.68 ,33683100.00 
2016/4/25,105.00 ,105.65 ,104.51 ,105.08 ,28031600.00 
2016/4/26,103.91 ,105.30 ,103.91 ,104.35 ,56016200.00 
2016/4/27,96.00 ,98.71 ,95.68 ,97.82 ,114602100.00 
2016/4/28,97.61 ,97.88 ,94.25 ,94.83 ,82242700.00 
2016/4/29,93.99 ,94.72 ,92.51 ,93.74 ,68531500.00 
2016/5/2,93.97 ,94.08 ,92.40 ,93.64 ,48160100.00 
2016/5/3,94.20 ,95.74 ,93.68 ,95.18 ,56831300.00 
2016/5/4,95.20 ,95.90 ,93.82 ,94.19 ,41025500.00 
2016/5/5,94.00 ,94.07 ,92.68 ,93.24 ,35890500.00 
2016/5/6,93.37 ,93.45 ,91.85 ,92.72 ,43699900.00 
2016/5/9,93.00 ,93.77 ,92.59 ,92.79 ,32936400.00 
2016/5/10,93.33 ,93.57 ,92.11 ,93.42 ,33686800.00 
2016/5/11,93.48 ,93.57 ,92.46 ,92.51 ,28719100.00 
2016/5/12,92.72 ,92.78 ,89.47 ,90.34 ,76314700.00 
2016/5/13,90.00 ,91.67 ,90.00 ,90.52 ,44392800.00 
2016/5/16,92.39 ,94.39 ,91.65 ,93.88 ,61259800.00 
2016/5/17,94.55 ,94.70 ,93.01 ,93.49 ,46916900.00 
2016/5/18,94.16 ,95.21 ,93.89 ,94.56 ,42062400.00 
2016/5/19,94.64 ,94.64 ,93.57 ,94.20 ,30442100.00 
2016/5/20,94.64 ,95.43 ,94.52 ,95.22 ,32026000.00 
2016/5/23,95.87 ,97.19 ,95.67 ,96.43 ,38018600.00 
2016/5/24,97.22 ,98.09 ,96.84 ,97.90 ,35140200.00 
2016/5/25,98.67 ,99.74 ,98.11 ,99.62 ,38168800.00 
2016/5/26,99.68 ,100.73 ,98.64 ,100.41 ,56331200.00 
2016/5/27,99.44 ,100.47 ,99.25 ,100.35 ,36341200.00 
2016/5/31,99.60 ,100.40 ,98.82 ,99.86 ,42307200.00 
2016/6/1,99.02 ,99.54 ,98.33 ,98.46 ,29173300.00 
2016/6/2,97.60 ,97.84 ,96.63 ,97.72 ,40191600.00 
2016/6/3,97.79 ,98.27 ,97.45 ,97.92 ,28504900.00 
2016/6/6,97.99 ,101.89 ,97.55 ,98.63 ,23292500.00 
2016/6/7,99.25 ,99.87 ,98.96 ,99.03 ,22409500.00 
2016/6/8,99.02 ,99.56 ,98.68 ,98.94 ,20848100.00 
2016/6/9,98.50 ,99.99 ,98.46 ,99.65 ,26601400.00 
2016/6/10,98.53 ,99.35 ,98.48 ,98.83 ,31712900.00 
2016/6/13,98.69 ,99.12 ,97.10 ,97.34 ,38020500.00 
2016/6/14,97.32 ,98.48 ,96.75 ,97.46 ,31931900.00 
2016/6/15,97.82 ,98.41 ,97.03 ,97.14 ,29445200.00 
2016/6/16,96.45 ,97.75 ,96.07 ,97.55 ,31326800.00 
2016/6/17,96.62 ,96.65 ,95.30 ,95.33 ,61008200.00 
2016/6/20,96.00 ,96.57 ,95.03 ,95.10 ,34411900.00 
2016/6/21,94.94 ,96.35 ,94.68 ,95.91 ,35546400.00 
2016/6/22,96.25 ,96.89 ,95.35 ,95.55 ,29219100.00 
2016/6/23,95.94 ,96.29 ,95.25 ,96.10 ,32240200.00 
2016/6/24,92.91 ,94.66 ,92.65 ,93.40 ,75311400.00 
2016/6/27,93.00 ,93.05 ,91.50 ,92.04 ,45489600.00 
2016/6/28,92.90 ,93.66 ,92.14 ,93.59 ,40444900.00 
2016/6/29,93.97 ,94.55 ,93.63 ,94.40 ,36531000.00 
2016/6/30,94.44 ,95.77 ,94.30 ,95.60 ,35836400.00 
2016/7/1,95.49 ,96.47 ,95.33 ,95.89 ,26026500.00 
2016/7/5,95.39 ,95.40 ,94.46 ,94.99 ,27705200.00 
2016/7/6,94.60 ,95.66 ,94.37 ,95.53 ,30949100.00 
2016/7/7,95.70 ,96.50 ,95.62 ,95.94 ,25139600.00 
2016/7/8,96.49 ,96.89 ,96.05 ,96.68 ,28912100.00 
2016/7/11,96.75 ,97.65 ,96.73 ,96.98 ,23794900.00 
2016/7/12,97.17 ,97.70 ,97.12 ,97.42 ,24167500.00 
2016/7/13,97.41 ,97.67 ,96.84 ,96.87 ,25892200.00 
2016/7/14,97.39 ,98.99 ,97.32 ,98.79 ,38919000.00 
2016/7/15,98.92 ,99.30 ,98.50 ,98.78 ,30137000.00 
2016/7/18,98.70 ,100.13 ,98.60 ,99.83 ,36493900.00 
2016/7/19,99.56 ,100.00 ,99.34 ,99.87 ,23779900.00 
2016/7/20,100.00 ,100.46 ,99.74 ,99.96 ,26276000.00 
2016/7/21,99.83 ,101.00 ,99.13 ,99.43 ,32702000.00 
2016/7/22,99.26 ,99.30 ,98.31 ,98.66 ,28313700.00 
2016/7/25,98.25 ,98.84 ,96.92 ,97.34 ,40382900.00 
2016/7/26,96.82 ,97.97 ,96.42 ,96.67 ,56239800.00 
2016/7/27,104.27 ,104.35 ,102.75 ,102.95 ,92344800.00 
2016/7/28,102.83 ,104.45 ,102.82 ,104.34 ,39869800.00 
2016/7/29,104.19 ,104.55 ,103.68 ,104.21 ,27733700.00 
2016/8/1,104.41 ,106.15 ,104.41 ,106.05 ,38167900.00 
2016/8/2,106.05 ,106.07 ,104.00 ,104.48 ,33816600.00 
2016/8/3,104.81 ,105.84 ,104.77 ,105.79 ,30202600.00 
2016/8/4,105.58 ,106.00 ,105.28 ,105.87 ,27408700.00 
2016/8/5,106.27 ,107.65 ,106.18 ,107.48 ,40553400.00 
2016/8/8,107.52 ,108.37 ,107.16 ,108.37 ,28037200.00 
2016/8/9,108.23 ,108.94 ,108.01 ,108.81 ,26315200.00 
2016/8/10,108.71 ,108.90 ,107.76 ,108.00 ,24008500.00 
2016/8/11,108.52 ,108.93 ,107.85 ,107.93 ,27484500.00 
2016/8/12,107.78 ,108.44 ,107.78 ,108.18 ,18660400.00 
2016/8/15,108.14 ,109.54 ,108.08 ,109.48 ,25868200.00 
2016/8/16,109.63 ,110.23 ,109.21 ,109.38 ,33794400.00 
2016/8/17,109.10 ,109.37 ,108.34 ,109.22 ,25356000.00 
2016/8/18,109.23 ,109.60 ,109.02 ,109.08 ,21984700.00 
2016/8/19,108.77 ,109.69 ,108.36 ,109.36 ,25368100.00 
2016/8/22,108.86 ,109.10 ,107.85 ,108.51 ,25820200.00 
2016/8/23,108.59 ,109.32 ,108.53 ,108.85 ,21257700.00 
2016/8/24,108.57 ,108.75 ,107.68 ,108.03 ,23675100.00 
2016/8/25,107.39 ,107.88 ,106.68 ,107.57 ,25086200.00 
2016/8/26,107.41 ,107.95 ,106.31 ,106.94 ,27704400.00 
2016/8/29,106.62 ,107.44 ,106.29 ,106.82 ,24770200.00 
2016/8/30,105.80 ,106.50 ,105.50 ,106.00 ,24863900.00 
2016/8/31,105.66 ,106.57 ,105.64 ,106.10 ,28616700.00 
2016/9/1,106.14 ,106.80 ,105.62 ,106.73 ,26701500.00 
2016/9/2,107.70 ,108.00 ,106.82 ,107.73 ,26334900.00 
2016/9/6,107.90 ,108.30 ,107.51 ,107.70 ,26880400.00 
2016/9/7,107.83 ,108.76 ,107.07 ,108.36 ,42364300.00 
2016/9/8,107.25 ,107.27 ,105.24 ,105.52 ,53002000.00 
2016/9/9,104.64 ,105.72 ,103.13 ,103.13 ,45973100.00 
2016/9/12,102.65 ,105.72 ,102.53 ,105.44 ,45292800.00 
2016/9/13,107.51 ,108.79 ,107.24 ,107.95 ,62176200.00 
2016/9/14,108.73 ,113.03 ,108.60 ,111.77 ,110888700.00 
2016/9/15,113.86 ,115.73 ,113.49 ,115.57 ,89983600.00 
2016/9/16,115.12 ,116.13 ,114.04 ,114.92 ,79677200.00 
2016/9/19,115.19 ,116.18 ,113.25 ,113.58 ,47023000.00 
2016/9/20,113.05 ,114.12 ,112.51 ,113.57 ,34514300.00 
2016/9/21,113.85 ,113.99 ,112.44 ,113.55 ,36003200.00 
2016/9/22,114.35 ,114.94 ,114.00 ,114.62 ,31074000.00 
2016/9/23,114.42 ,114.79 ,111.55 ,112.71 ,52325900.00 
2016/9/26,111.64 ,113.39 ,111.55 ,112.88 ,29869400.00 
2016/9/27,113.00 ,113.18 ,112.34 ,113.09 ,24576200.00 
2016/9/28,113.69 ,114.64 ,113.43 ,113.95 ,29641100.00 
2016/9/29,113.16 ,113.80 ,111.80 ,112.18 ,35887000.00 
2016/9/30,112.46 ,113.37 ,111.80 ,113.05 ,36238600.00 
2016/10/3,112.71 ,113.05 ,112.28 ,112.52 ,21701800.00 
2016/10/4,113.06,114.31,112.63,113,29652300
